start,goal,length,capacity,street,n_direction,hodou,width,cross_node,from_,to_
1,410,135.774,230.0,市道1251号線,2,1,4.1,0,1,71
1,986,118.614,1501.222537,市道1251号線,2,1,5.903825855,0,1,179
1,942,293.052,1703.398991,市道1229号線,2,1,7.354147046,0,1,168
2,75,73.199,1750.0,市道8号線_1,2,0,10.0,1,2,10
2,1355,96.731,1375.0,市道8号線_2,2,0,8.0,1,2,255
2,982,163.315,1750.0,市道9号線_1,2,0,10.1,1,2,177
8,266,75.219,1750.0,市道1311号線,2,0,6.7,0,3,58
8,1355,129.005,1750.0,市道8号線_3,2,0,15.0,1,3,255
8,604,228.252,1645.0,市道8号線_3,2,0,6.0,1,3,101
8,313,140.489,1582.0,市道1324号線,2,0,5.7,0,3,63
634,983,16.909,1750.0,県道15号線_10,2,0,7.0,1,105,178
10,784,105.621,1669.0,市道1283号線,2,1,7.6,1,4,144
10,196,518.341,1750.0,市道16号線_2,2,0,6.023064967,1,4,34
37,1211,41.58,1669.0,市道1221号線,2,1,6.7,0,5,225
37,1184,2.54,1669.0,市道1221号線,2,1,6.7,0,5,217
37,995,136.481,1063.0,市道1223号線,1,1,2.8,0,5,184
47,1009,128.738,1488.0,市道1430号線,2,1,5.6,0,6,194
47,829,192.93,1509.0,市道1440号線,2,1,5.7,0,6,154
47,831,239.942,1509.0,市道1440号線,2,1,5.7,0,6,155
61,221,13.983,1750.0,初雁城通り_1,2,0,9.0,1,7,46
61,227,57.97,1750.0,初雁城通り_1,2,0,9.0,1,7,48
61,229,88.684,1750.0,市道1546号線,2,0,10.0,0,7,50
70,437,94.139,1750.0,市道8号線_1,2,0,10.0,1,8,76
70,74,102.381,1750.0,市道8号線_1,2,0,10.0,1,8,9
74,75,66.059,1750.0,市道8号線_1,2,0,10.0,1,9,10
74,70,102.381,1750.0,市道8号線_1,2,0,10.0,1,9,8
75,74,66.059,1750.0,市道8号線_1,2,0,10.0,1,10,9
75,2,73.199,1750.0,市道8号線_1,2,0,10.0,1,10,2
90,185,81.746,1750.0,市道1646号線,2,0,7.0,0,11,32
90,314,80.076,1192.0,市道1317号線,1,1,3.6,0,11,64
95,434,50.34,1750.0,市道6号線_3,2,1,11.0,1,12,74
95,1215,126.476,1669.0,県道39号線_1,2,1,8.0,1,12,227
95,1254,180.99,1750.0,市道6号線_2,2,0,9.954072601,1,12,237
96,259,59.911,1750.0,市道1319号線,2,0,10.0,0,13,57
96,174,68.559,1669.0,市道1311号線,2,1,7.1,0,13,30
96,1434,75.922,1669.0,市道1311号線,2,1,7.3,0,13,267
97,1064,136.897,1669.0,県道246号線_2,2,1,7.5,1,14,195
97,604,133.395,1669.0,県道246号線_1,2,1,7.5,1,14,101
98,1280,125.112,1750.0,県道229号線_1,2,0,10.1,1,15,245
98,176,55.862,1750.0,市道1319号線,2,0,10.0,0,15,31
98,232,64.685,1750.0,市道3号線_1,2,0,10.0,1,15,53
98,550,211.434,1857.75171,市道9号線_1,2,0,10.1,1,15,94
752,983,59.627,1750.0,県道15号線_10,2,0,10.0,1,130,178
983,634,16.909,1750.0,県道15号線_10,2,0,7.0,1,178,105
102,103,78.66,1669.0,市道1200号線,1,1,7.2,0,16,17
102,1353,51.163,1669.0,市道1311号線,2,1,7.2,0,16,254
103,680,118.076,1669.0,市道1200号線,1,1,7.2,0,17,112
106,762,38.062,1669.0,本町通り,2,1,10.9,1,18,138
106,1176,77.929,1669.0,本町通り,2,1,10.9,1,18,214
110,1154,166.02,200.0,市道1120号線,2,1,4.0,1,19,199
110,1253,298.609,1569.0,市道1108号線_2,2,1,6.0,1,19,236
110,1234,105.897,1686.314145,県道12号線_4,2,1,8.5,1,19,235
115,1171,27.123,650.0,市道1132号線,2,1,5.5,0,20,211
115,1227,6.701,200.0,市道1132号線,2,1,4.0,0,20,232
115,379,210.01,650.0,市道1139号線,2,0,5.5,0,20,66
115,116,115.897,1750.0,市道1139号線,2,0,7.0,0,20,21
116,115,115.897,1750.0,市道1139号線,2,0,7.0,0,21,20
116,117,37.301,1750.0,市道1139号線,2,0,7.0,0,21,22
116,1226,57.999,50.0,市道1138号線,2,1,3.0,0,21,231
117,1172,24.005,1750.0,県道51号線_10,2,0,6.7,1,22,212
117,1224,47.522,1750.0,県道51号線_11,2,0,6.7,1,22,229
117,116,37.301,1750.0,市道1139号線,2,0,7.0,0,22,21
117,231,228.762,200.0,市道1166号線,2,1,4.0,0,22,52
122,440,88.209,1669.0,市道2号線,2,1,7.0,0,23,77
122,818,39.757,500.0,市道2号線,2,1,5.0,0,23,146
122,150,87.023,140.0,市道1164号線,2,1,3.8,0,23,27
125,980,85.436,1669.0,市道2号線,2,1,6.5,0,24,176
125,1000,129.921,1629.0,市道1220号線,2,1,6.3,0,24,189
125,214,119.873,1750.0,市道2号線,2,0,7.5,0,24,44
126,127,65.757,1750.0,市道2号線,2,0,7.0,0,25,26
126,214,76.302,1750.0,市道2号線,2,0,7.5,0,25,44
126,1184,348.066,1120.0,市道1223号線,1,1,6.88916835,0,25,217
127,126,65.757,1750.0,市道2号線,2,0,7.0,0,26,25
127,546,103.175,1669.0,市道1235号線,2,1,7.5,0,26,91
150,122,87.023,140.0,市道1164号線,2,1,3.8,0,27,23
150,935,31.273,290.0,市道1160号線,2,1,4.3,0,27,164
150,153,100.988,440.0,市道1164号線,2,1,4.8,0,27,28
153,656,10.267,440.0,市道1163号線,2,1,4.8,0,28,109
153,150,100.988,440.0,市道1164号線,2,1,4.8,0,28,27
153,657,122.183,440.0,市道1163号線,2,1,4.8,0,28,110
154,1172,3.793,1750.0,県道51号線_10,2,0,6.7,1,29,212
154,256,52.502,1750.0,県道51号線_10,2,0,6.7,1,29,55
154,656,117.032,855.4216283,市道1163号線,2,1,5.427739422,0,29,109
174,96,68.559,1669.0,市道1311号線,2,1,7.1,0,30,13
174,185,142.205,1669.0,市道1311号線,2,1,7.1,0,30,32
176,259,52.962,1750.0,市道1319号線,2,0,10.0,0,31,57
176,98,55.862,1750.0,市道1319号線,2,0,10.0,0,31,15
185,266,91.911,1669.0,市道1311号線,2,1,7.1,0,32,58
185,90,81.746,1750.0,市道1646号線,2,0,7.0,0,32,11
185,174,142.205,1669.0,市道1311号線,2,1,7.1,0,32,30
185,604,219.723,1669.0,市道1320号線,2,1,7.2,0,32,101
196,280,160.16,1569.0,市道1185号線,1,1,6.0,0,34,62
196,277,200.597,1750.0,市道16号線_7,2,0,9.1,1,34,61
983,752,59.627,1750.0,県道15号線_10,2,0,10.0,1,178,130
197,1444,86.157,1750.0,県道39号線_8,2,0,7.6,1,35,270
197,211,50.735,1669.0,市道14号線_3,2,1,8.2,1,35,43
197,1384,91.878,1750.0,県道39号線_9,2,1,6.9,1,35,259
197,1157,90.461,1669.0,市道14号線_2,2,1,8.3,1,35,202
198,1170,69.132,1569.0,市道1174号線_1,2,1,6.0,1,36,210
198,733,105.846,1669.0,市道14号線_2,2,1,8.3,1,36,123
198,682,110.3,1669.0,市道14号線_1,2,1,8.3,1,36,113
201,204,56.542,1192.0,市道1194号線,1,1,5.0,0,37,38
201,1151,105.511,80.0,市道1197号線,2,1,3.6,0,37,197
204,195,103.564,1192.0,市道1194号線,1,1,5.0,0,38,33
204,10,109.731,1669.0,市道1196号線,1,1,7.3,0,38,4
205,1444,93.835,1750.0,県道39号線_8,2,0,7.6,1,39,270
205,206,80.67,650.0,市道1209号線,2,1,5.5,0,39,40
205,769,120.553,1750.0,県道39号線_7,2,0,7.6,1,39,143
206,359,90.291,1669.0,市道1210号線,2,1,7.7,0,40,65
206,1187,45.571,1669.0,市道1209号線,2,1,7.3,0,40,220
206,205,80.67,650.0,市道1209号線,2,1,5.5,0,40,39
206,565,110.967,1669.0,市道1210号線,2,1,7.7,0,40,98
207,1186,57.663,1669.0,県道51号線_2,2,1,9.3,1,41,219
207,1187,107.501,1669.0,市道1209号線,2,1,7.3,0,41,220
207,1206,101.003,1669.0,県道51号線_1,2,1,9.3,1,41,224
210,937,91.342,1569.0,市道1341号線,2,1,6.0,0,42,166
210,232,121.405,1529.0,市道1342号線,1,1,5.8,0,42,53
211,197,50.735,1669.0,市道14号線_3,2,1,8.2,1,43,35
211,1185,73.592,1669.0,市道1210号線,2,1,8.0,0,43,218
211,1214,169.416,1669.0,市道14号線_3,2,1,8.2,1,43,226
211,1174,350.0,650.0,市道1207号線,2,1,6.534721282,0,43,213
214,126,76.302,1750.0,市道2号線,2,0,7.5,0,44,25
214,125,119.873,1750.0,市道2号線,2,0,7.5,0,44,24
214,1184,246.382,1669.0,市道1221号線,2,1,6.7,0,44,217
220,647,20.546,13200.0,国道254号線,2,0,24.0,1,45,108
220,1224,107.194,1750.0,県道51号線_12,2,0,6.7,1,45,229
220,228,250.958,13200.0,国道254号線,2,0,24.0,1,45,49
221,61,13.983,1750.0,初雁城通り_1,2,0,9.0,1,46,7
221,415,347.622,13200.0,国道254号線,2,0,24.0,1,46,73
221,228,92.895,13200.0,国道254号線,2,0,24.0,1,46,49
225,645,27.493,1669.0,市道1414号線,1,1,7.0,0,47,107
227,61,57.97,1750.0,初雁城通り_1,2,0,9.0,1,48,7
227,759,105.998,1750.0,初雁城通り_1,2,0,9.0,1,48,135
227,230,75.308,1669.0,市道1602号線,2,1,7.0,0,48,51
228,229,26.515,1669.0,市道1602号線,2,1,7.0,0,49,50
228,221,92.895,13200.0,国道254号線,2,0,24.0,1,49,46
228,220,250.958,13200.0,国道254号線,2,0,24.0,1,49,45
229,231,8.111,1669.0,市道1602号線,2,1,7.0,0,50,52
229,228,26.515,1669.0,市道1602号線,2,1,7.0,0,50,49
229,61,88.684,1750.0,市道1546号線,2,0,10.0,0,50,7
230,227,75.308,1669.0,市道1602号線,2,1,7.0,0,51,48
230,656,168.801,200.0,市道1164号線,2,1,4.0,0,51,109
230,231,26.352,1669.0,市道1602号線,2,1,7.0,0,51,52
231,229,8.111,1669.0,市道1602号線,2,1,7.0,0,52,50
231,117,228.762,200.0,市道1166号線,2,1,4.0,0,52,22
231,230,26.352,1669.0,市道1602号線,2,1,7.0,0,52,51
232,98,64.685,1750.0,市道3号線_1,2,0,10.0,1,53,15
232,1278,102.115,1750.0,市道3号線_1,2,0,9.0,1,53,244
237,1265,54.268,1669.0,市道1152号線,2,1,6.7,0,54,239
237,1232,52.457,1669.0,県道12号線_2,2,1,10.5,1,54,234
237,762,255.729,1669.0,県道12号線_1,2,1,10.5,1,54,138
256,935,98.781,290.0,市道1160号線,2,1,4.3,0,55,164
256,1076,54.286,1750.0,県道51号線_10,2,0,6.7,1,55,196
256,154,52.502,1750.0,県道51号線_10,2,0,6.7,1,55,29
257,1402,24.105,1669.0,県道51号線_9,2,1,6.7,1,56,262
257,1076,39.586,1750.0,県道51号線_10,2,0,6.7,1,56,196
257,936,76.767,1669.0,市道2号線,2,1,7.5,0,56,165
259,96,59.911,1750.0,市道1319号線,2,0,10.0,0,57,13
259,176,52.962,1750.0,市道1319号線,2,0,10.0,0,57,31
259,270,88.761,1192.0,市道1317号線,1,1,3.8,0,57,59
259,90,201.517,1192.0,市道1317号線,1,1,3.638798712,0,57,11
266,8,75.219,1750.0,市道1311号線,2,0,6.7,0,58,3
266,185,91.911,1669.0,市道1311号線,2,1,7.1,0,58,32
270,1281,25.754,1488.0,市道1313号線_2,1,1,5.6,0,59,246
271,1161,28.168,1750.0,県道39号線_5,2,0,10.9,1,60,205
271,1158,107.063,1569.0,市道15号線_2,2,1,6.0,1,60,203
271,1253,222.768,1569.0,市道1108号線_1,2,1,6.0,1,60,236
277,745,185.918,1192.0,市道1173号線,1,1,3.988839166,0,61,126
277,196,200.597,1750.0,市道16号線_3,2,0,9.1,1,61,34
277,1158,410.532,1569.0,市道15号線_1,2,1,6.0,1,61,203
280,745,152.904,117.8443337,市道1175号線,2,1,3.726147779,0,62,126
280,198,215.586,1192.0,市道1185号線,1,1,4.5,0,62,36
313,1355,172.263,80.0,市道1324号線,2,1,3.6,0,63,255
313,314,67.298,50.0,市道1323号線,2,1,3.5,0,63,64
313,8,140.489,1582.0,市道1324号線,2,0,5.7,0,63,3
314,313,67.298,50.0,市道1323号線,2,1,3.5,0,64,63
314,266,113.866,1192.0,市道1321号線,1,1,3.7,0,64,58
359,206,90.291,1669.0,市道1210号線,2,1,7.7,0,65,40
359,1185,1.754,50.0,市道1208号線,2,1,3.5,0,65,218
359,1186,163.294,50.0,市道1208号線,2,1,2.5,0,65,219
379,115,210.01,650.0,市道1139号線,2,0,5.5,0,66,20
379,1449,140.64,1645.0,市道1139号線,2,0,6.0,0,66,273
379,611,178.02,620.0,市道1136号線,2,1,5.4,0,66,103
382,647,46.729,13200.0,国道254号線,2,0,24.0,1,67,108
382,383,239.744,7373.513414,市道1135号線,2,0,15.41115523,0,67,68
382,611,182.592,620.0,市道1136号線,2,1,5.4,0,67,103
383,611,108.066,200.0,市道1132号線,2,1,4.0,0,68,103
383,382,239.744,7373.513414,国道254号線,2,0,15.41115523,1,68,67
383,1449,278.41,376.1671635,市道1135号線,2,1,4.587223878,1,68,273
402,761,43.071,1750.0,初雁城通り_4,2,0,9.0,1,69,137
402,1003,23.156,1750.0,初雁城通り_4,2,0,9.0,1,69,192
409,415,23.132,500.0,市道1226号線,2,1,5.0,0,70,73
409,609,81.376,230.0,市道1251号線,2,1,4.1,0,70,102
409,757,265.162,377.4801819,市道1226号線,2,1,4.591600606,0,70,134
410,609,129.093,230.0,市道1251号線,2,1,4.1,0,71,102
410,1,135.774,230.0,市道1251号線,2,1,4.1,0,71,1
410,960,184.915,650.0,市道1239号線,2,1,5.5,0,71,170
562,752,162.513,1750.0,県道15号線_11,2,0,10.0,1,95,130
411,645,42.095,650.0,市道1454号線,2,1,5.5,0,72,107
411,986,93.012,590.0,市道1251号線,2,1,5.3,0,72,179
411,415,598.653,12548.00452,国道254号線,2,0,24.0,1,72,73
415,409,23.132,500.0,市道1226号線,2,1,5.0,0,73,70
415,221,347.622,13200.0,国道254号線,2,0,24.0,1,73,46
752,562,162.513,1750.0,県道15号線_11,2,0,10.0,1,130,95
434,95,50.34,1750.0,市道6号線_3,2,1,11.0,1,74,12
434,837,105.003,1750.0,市道6号線_3,2,1,11.0,1,74,157
434,878,132.421,1192.0,市道1439号線,1,1,4.0,0,74,158
436,1254,104.498,1750.0,市道6号線_1,2,0,9.0,1,75,237
436,437,91.051,1750.0,市道6号線_1,2,0,12.5,1,75,76
437,70,94.139,1750.0,市道8号線_1,2,0,10.0,1,76,8
437,436,91.051,1750.0,市道6号線_1,2,0,12.5,1,76,75
440,760,65.886,1669.0,市道2号線,2,1,7.0,0,77,136
440,122,88.209,1669.0,市道2号線,2,1,7.0,0,77,23
444,1286,8.631,1509.0,市道1315号線,1,1,5.7,0,78,247
444,1281,167.052,1723.089703,市道1314号線,2,0,7.467441874,0,78,246
458,508,54.422,1509.0,市道1440号線,2,1,5.7,0,79,84
458,714,87.549,1529.0,市道1437号線,2,1,5.8,0,79,116
458,529,121.593,1529.0,市道1437号線,2,1,5.8,0,79,87
458,831,129.691,1509.0,市道1440号線,2,1,5.7,0,79,155
464,975,95.061,1569.0,市道1441号線,1,1,6.0,0,80,172
464,470,25.602,1669.0,市道1415号線,2,1,9.0,0,80,82
464,729,416.235,1669.0,市道1415号線,2,1,8.258560669,0,80,122
466,831,123.349,1509.0,市道1434号線,2,1,5.7,0,81,155
466,715,178.385,1509.0,市道1434号線,2,1,5.7,0,81,117
466,836,120.678,1645.0,市道4号線,1,0,6.0,0,81,156
470,464,25.602,1669.0,市道1415号線,2,1,9.0,0,82,80
470,473,140.042,1669.0,市道1415号線,2,1,12.41014124,0,82,83
470,754,287.753,1669.0,市道1401号線,2,1,10.0558199,0,82,132
473,979,52.636,1750.0,市道4号線,2,0,7.8,0,83,175
473,470,140.042,1669.0,市道1415号線,2,1,12.41014124,0,83,82
508,458,54.422,1509.0,市道1440号線,2,1,5.7,0,84,79
508,714,100.298,1750.0,市道6号線_4,2,0,10.0,1,84,116
508,713,146.263,1750.0,市道6号線_4,2,0,7.478336968,1,84,115
516,821,61.353,1669.0,市道1157号線,2,1,9.5,0,85,149
516,1403,58.53,1750.0,市道1157号線,2,0,10.0,0,85,263
523,997,64.452,1669.0,市道2号線,2,1,7.0,0,86,186
523,757,264.397,200.0,市道1226号線,2,1,4.0,0,86,134
523,980,87.968,1669.0,市道2号線,2,1,7.0,0,86,176
529,885,93.132,1529.0,市道1437号線,2,1,5.8,0,87,159
529,458,121.593,1529.0,市道1437号線,2,1,5.8,0,87,79
529,713,131.753,1645.0,市道5号線_1,2,0,6.0,1,87,115
529,991,129.881,1645.0,市道5号線_1,2,0,6.0,1,87,181
535,755,118.089,440.0,市道1388号線,2,1,4.8,0,88,133
535,538,38.955,50.0,市道1390号線(付属),2,1,2.0,0,88,89
535,1276,134.431,440.0,市道1388号線,2,1,4.8,0,88,242
538,547,118.036,1509.0,市道1390号線,2,1,5.7,0,89,92
538,535,38.955,50.0,市道1390号線(付属),2,1,2.0,0,89,88
538,541,92.221,403.8826298,市道1393号線,2,1,4.679608766,0,89,90
541,990,117.888,410.0,市道1393号線,2,1,4.7,0,90,180
541,1008,69.651,241.7108154,市道1390号線,2,1,4.081638455,0,90,193
541,538,92.221,403.8826298,市道1390号線,2,1,4.679608766,0,90,89
546,753,36.514,1192.0,市道1237号線,1,1,4.2,0,91,131
546,562,144.181,1192.0,市道1235号線,1,1,4.6,0,91,95
546,942,298.82,436.6548424,市道1237号線,2,1,4.788849475,0,91,168
546,127,103.175,1669.0,市道1235号線,2,1,7.5,0,91,26
547,755,50.662,500.0,市道1399号線,2,0,5.0,0,92,133
547,538,118.036,1509.0,市道1390号線,2,1,5.7,0,92,89
547,979,131.295,388.1297841,市道1399号線,2,1,4.527659088,0,92,175
549,1166,30.582,1750.0,県道39号線_11,2,1,6.9,1,93,208
549,764,51.896,1750.0,県道39号線_12,2,1,6.9,1,93,140
549,1174,107.39,1642.788621,市道1206号線,2,1,6.437886209,0,93,213
550,982,154.654,1750.0,市道9号線_1,2,0,10.1,1,94,177
550,98,211.434,1857.75171,市道9号線_2,2,0,10.1,1,94,15
644,562,460.247,1743.50049,県道15号線_12,2,0,9.974970831,1,106,95
411,909,68.517,1750.0,県道15号線_13,2,0,10.0,1,72,162
415,411,598.653,12548.00452,国道254号線,2,0,24.0,1,73,72
562,644,460.247,1743.50049,県道15号線_13,2,0,9.974970831,1,95,106
563,1276,44.419,1708.0,市道5号線_2,2,0,6.3,1,96,242
644,909,11.286,1750.0,県道15号線_13,2,0,10.0,1,106,162
564,1187,95.724,1035.0,市道1212号線,1,1,2.7,0,97,220
909,644,11.286,1750.0,県道15号線_13,2,0,10.0,1,162,106
565,1447,113.332,1669.0,市道1342号線,1,1,7.5,0,98,271
909,411,68.517,1750.0,県道15号線_13,2,0,10.0,1,162,72
565,206,110.967,1669.0,市道1210号線,2,1,7.7,0,98,40
196,10,518.341,1750.0,県道15号線_2,2,0,6.023064967,1,34,4
10,1151,58.187,1750.0,県道15号線_3,2,0,9.0,1,4,197
673,1151,65.819,1750.0,県道15号線_3,2,0,9.0,1,111,197
570,1435,173.628,1092.0,市道1308号線,1,1,2.9,0,99,268
595,609,139.457,200.0,市道1237号線,2,1,4.0,0,100,102
595,960,47.878,200.0,市道1237号線,2,1,4.0,0,100,170
595,1335,159.083,782.7594463,市道1229号線,2,1,4.991762162,0,100,251
604,185,219.723,1669.0,市道1320号線,2,1,7.2,0,101,32
604,97,133.395,1669.0,県道246号線_1,2,1,7.5,1,101,14
604,8,228.252,1645.0,市道8号線_3,2,0,6.0,1,101,3
609,595,139.457,200.0,市道1237号線,2,1,4.0,0,102,100
609,410,129.093,230.0,市道1251号線,2,1,4.1,0,102,71
609,409,81.376,230.0,市道1251号線,2,1,4.1,0,102,70
611,1227,111.183,200.0,市道1132号線,2,1,4.0,0,103,232
611,383,108.066,200.0,市道1132号線,2,1,4.0,0,103,68
611,379,178.02,620.0,市道1136号線,2,1,5.4,0,103,66
611,382,182.592,620.0,市道1136号線,2,1,5.4,0,103,67
624,759,229.747,350.0,市道1225号線,2,1,4.5,0,104,135
624,757,74.709,350.0,市道1225号線,2,1,4.5,0,104,134
1151,10,58.187,1750.0,県道15号線_3,2,0,9.0,1,197,4
634,127,53.925,1192.0,市道2号線,1,1,4.5,0,105,26
634,813,50.243,1569.0,市道1401号線,1,1,6.0,0,105,145
1151,673,65.819,1750.0,県道15号線_3,2,0,9.0,1,197,111
102,570,82.807,1750.0,県道15号線_4,2,0,9.0,1,16,99
644,986,89.903,347.5490251,市道1250号線,2,1,4.491830084,0,106,179
570,673,68.672,1750.0,県道15号線_4,2,0,9.0,1,99,111
645,729,105.501,1669.0,市道1414号線,1,1,7.0,0,107,122
645,411,42.095,650.0,市道1454号線,2,1,5.5,0,107,72
645,726,196.359,828.9278872,市道1415号線,2,1,5.851183292,0,107,121
647,220,20.546,13200.0,国道254号線,2,0,24.0,1,108,45
647,382,46.729,13200.0,国道254号線,2,0,24.0,1,108,67
647,1227,219.964,590.0,市道1137号線,2,1,5.3,0,108,232
656,153,10.267,440.0,市道1163号線,2,1,4.8,0,109,28
656,230,168.801,200.0,市道1164号線,2,1,4.0,0,109,51
656,154,117.032,855.4216283,市道1163号線,2,1,5.427739422,0,109,29
657,759,72.328,1750.0,初雁城通り_1,2,0,9.0,1,110,135
657,153,122.183,440.0,市道1163号線,2,1,4.8,0,110,28
657,760,150.634,1750.0,初雁城通り_2,2,0,9.0,1,110,136
570,102,82.807,1750.0,県道15号線_4,2,0,9.0,1,99,16
673,570,68.672,1750.0,県道15号線_4,2,0,9.0,1,111,99
673,1153,102.64,1669.0,市道14号線_1,2,1,8.3,1,111,198
673,1437,150.281,1669.0,県道246号線_2,2,1,7.5,1,111,269
680,1318,31.627,1669.0,市道1200号線,1,1,7.2,0,112,248
680,682,120.042,1192.0,市道1198号線,1,1,3.3,0,112,113
682,1153,107.642,1669.0,市道14号線_1,2,1,8.3,1,113,198
682,198,110.3,1669.0,市道14号線_1,2,1,8.3,1,113,36
688,977,203.119,1529.0,市道1441号線,1,1,5.8,0,114,173
688,1325,144.506,1529.0,市道1447号線,2,1,5.8,0,114,249
713,837,91.975,1750.0,市道6号線_3,2,1,11.0,1,115,157
713,508,146.263,1750.0,市道6号線_4,2,0,7.478336968,1,115,84
713,529,131.753,1645.0,市道5号線_1,2,0,6.0,1,115,87
714,836,26.324,1750.0,市道6号線_5,2,0,10.0,1,116,156
714,508,100.298,1750.0,市道6号線_4,2,0,10.0,1,116,84
714,458,87.549,1529.0,市道1437号線,2,1,5.8,0,116,79
715,978,7.734,1750.0,市道6号線_5,2,0,10.0,1,117,174
715,466,178.385,1509.0,市道1434号線,2,1,5.7,0,117,81
715,836,223.943,1750.0,市道6号線_5,2,0,10.0,1,117,156
719,723,275.275,1750.0,市道6号線_7,2,0,10.0,1,118,119
719,1325,146.003,1529.0,市道1447号線,2,1,5.8,0,118,249
719,978,262.134,1750.0,市道6号線_5,2,0,10.0,1,118,174
723,725,107.57,1750.0,市道6号線_7,2,0,10.0,1,119,120
723,969,198.241,1569.0,市道3号線_4,2,1,6.0,1,119,171
723,719,275.275,1750.0,市道6号線_6,2,0,10.0,1,119,118
725,729,59.768,1750.0,市道6号線_7,2,0,10.0,1,120,122
725,723,107.57,1750.0,市道6号線_7,2,0,10.0,1,120,119
725,726,73.075,1669.0,市道1423号線,2,1,7.2,0,120,121
725,822,210.382,1017.78434,市道1423号線,2,1,5.700100294,0,120,150
726,729,95.616,1669.0,市道1415号線,2,1,7.5,0,121,122
726,725,73.075,1669.0,市道1423号線,2,1,7.2,0,121,120
726,645,196.359,828.9278872,市道1454号線,2,1,5.851183292,0,121,107
729,725,59.768,1750.0,市道6号線_7,2,0,10.0,1,122,120
729,906,60.725,1750.0,市道6号線_8,2,0,10.0,1,122,161
729,726,95.616,1669.0,市道1415号線,2,1,7.5,0,122,121
729,464,416.235,1669.0,市道1415号線,2,1,8.258560669,0,122,80
733,1157,79.73,1669.0,市道14号線_2,2,1,8.3,1,123,202
733,198,105.846,1669.0,市道14号線_2,2,1,8.3,1,123,36
736,739,159.113,1569.0,市道1173号線,2,1,6.0,0,124,125
736,1170,136.989,1669.0,市道1174号線_1,2,1,8.646002234,1,124,210
736,1159,171.385,620.0,市道1174号線_2,2,1,5.4,1,124,204
739,1167,24.11,1192.0,市道1179号線,1,1,4.7,0,125,209
739,736,159.113,1569.0,市道1173号線,2,1,6.0,0,125,124
745,736,231.58,1192.0,市道1173号線,1,1,4.68343553,0,126,124
745,280,152.904,117.8443337,市道1175号線,2,1,3.726147779,0,126,62
746,1278,85.654,1750.0,市道3号線_2,2,0,10.0,1,127,244
746,1192,103.267,1669.0,県道39号線_3,2,1,8.5,1,127,221
746,1199,170.987,1669.0,県道39号線_2,2,1,8.0,1,127,222
746,747,204.402,1750.0,市道3号線_2,2,0,10.0,1,127,128
747,994,131.741,1569.0,市道3号線_3,2,1,6.0,1,128,183
747,746,204.402,1750.0,市道3号線_2,2,0,10.0,1,128,127
747,748,120.247,1708.0,市道5号線_2,2,0,6.3,1,128,129
747,1009,201.111,1645.0,市道5号線_1,2,0,6.0,1,128,194
748,990,65.628,200.0,市道1394号線,2,1,4.0,0,129,180
748,1008,111.496,1708.0,市道5号線_2,2,0,6.3,1,129,193
748,747,120.247,1708.0,市道5号線_2,2,0,6.3,1,129,128
102,1286,111.013,1750.0,県道15号線_5,2,0,7.0,1,16,247
752,754,60.691,1750.0,市道4号線,2,0,7.8,0,130,132
769,1286,67.413,1750.0,県道15号線_5,2,0,7.0,1,143,247
753,752,27.728,1669.0,市道1236号線,1,1,8.0,0,131,130
754,979,93.521,1750.0,市道4号線,2,0,7.8,0,132,175
754,752,60.691,1750.0,市道4号線,2,0,7.8,0,132,130
754,470,287.753,1669.0,市道1401号線,2,1,10.0558199,0,132,82
755,547,50.662,500.0,市道1399号線,2,0,5.0,0,133,92
755,813,5.621,500.0,市道1399号線,2,0,5.0,0,133,145
755,535,118.089,440.0,市道1388号線,2,1,4.8,0,133,88
757,1335,79.585,50.0,市道1227号線,2,1,3.5,0,134,251
757,624,74.709,350.0,市道1225号線,2,1,4.5,0,134,104
757,523,264.397,200.0,市道1226号線,2,1,4.0,0,134,86
757,409,265.162,377.4801819,市道1226号線,2,1,4.591600606,0,134,70
759,227,105.998,1750.0,初雁城通り_1,2,0,9.0,1,135,48
759,657,72.328,1750.0,初雁城通り_1,2,0,9.0,1,135,110
759,624,229.747,350.0,市道1225号線,2,1,4.5,0,135,104
760,440,65.886,1669.0,市道2号線,2,1,7.0,0,136,77
760,997,159.526,650.0,市道2号線,2,1,5.5,0,136,186
760,1003,269.102,1750.0,初雁城通り_3,2,0,9.0,1,136,192
760,657,150.634,1750.0,初雁城通り_2,2,0,9.0,1,136,110
761,1180,91.594,1669.0,県道51号線_6,2,1,10.5,1,137,216
761,821,70.584,1750.0,県道51号線_7,2,0,9.8,1,137,149
761,402,43.071,1750.0,初雁城通り_4,2,0,9.0,1,137,69
761,1176,86.551,1669.0,本町通り,2,1,10.9,1,137,214
762,106,38.062,1669.0,本町通り,2,1,10.9,1,138,18
762,763,126.682,1669.0,県道39号線_6,2,1,10.9,1,138,139
762,764,124.12,1750.0,県道39号線_13,2,1,6.9,1,138,140
762,237,255.729,1669.0,県道12号線_1,2,1,10.5,1,138,54
763,762,126.682,1669.0,県道39号線_6,2,1,10.9,1,139,138
763,1161,117.732,1669.0,県道39号線_5,2,1,10.9,1,139,205
764,549,51.896,1750.0,県道39号線_12,2,1,6.9,1,140,93
764,1162,62.329,140.0,市道1180号線,2,1,3.8,0,140,206
764,762,124.12,1750.0,県道39号線_13,2,1,6.9,1,140,138
765,1166,47.537,1750.0,県道39号線_10,2,1,6.9,1,141,208
765,1155,106.227,230.0,市道1184号線,2,1,4.1,0,141,200
765,1384,87.716,1750.0,県道39号線_9,2,1,6.9,1,141,259
767,763,121.82,1192.0,市道1179号線,1,1,5.5,0,142,139
767,1162,63.692,140.0,市道1180号線,2,1,3.8,0,142,206
1286,102,111.013,1750.0,県道15号線_5,2,0,7.0,1,247,16
769,1448,59.386,1750.0,県道229号線_2,2,0,10.1,1,143,272
769,205,120.553,1750.0,県道39号線_7,2,0,7.6,1,143,39
1286,769,67.413,1750.0,県道15号線_5,2,0,7.0,1,247,143
784,10,105.621,1669.0,市道1283号線,2,1,7.6,1,144,4
784,1064,83.647,1669.0,市道1283号線,2,1,7.6,1,144,195
813,754,69.499,1669.0,市道1401号線,1,1,7.5,0,145,132
813,755,5.621,500.0,市道1399号線,2,0,5.0,0,145,133
818,122,39.757,500.0,市道2号線,2,1,5.0,0,146,23
818,936,3.792,1569.0,市道2号線,2,1,6.0,0,146,165
818,819,201.584,350.0,市道1155号線,2,1,4.5,0,146,147
819,820,41.734,350.0,市道1155号線,2,1,4.5,0,147,148
819,818,201.584,350.0,市道1155号線,2,1,4.5,0,147,146
819,1403,66.643,1750.0,市道1157号線,2,0,10.0,0,147,263
820,1231,65.032,1669.0,県道51号線_8,2,1,7.2,1,148,233
820,819,41.734,350.0,市道1155号線,2,1,4.5,0,148,147
820,1404,64.158,1669.0,県道51号線_7,2,1,6.8,1,148,264
821,761,70.584,1750.0,県道51号線_7,2,0,9.8,1,149,137
821,516,61.353,1669.0,市道1157号線,2,1,9.5,0,149,85
821,1404,84.662,1669.0,県道51号線_7,2,0,6.5,1,149,264
822,969,105.319,1529.0,市道1443号線,2,1,5.8,0,150,171
822,975,191.411,1569.0,市道1423号線,2,1,6.0,0,150,172
822,725,210.382,1017.78434,市道1423号線,2,1,5.700100294,0,150,120
823,827,45.614,1569.0,市道1423号線,2,1,6.0,0,151,152
823,975,116.572,1569.0,市道1423号線,2,1,6.0,0,151,172
827,823,45.614,1569.0,市道1423号線,2,1,6.0,0,152,151
827,473,140.786,1192.0,市道4号線,1,1,5.184115608,0,152,83
828,996,42.841,1569.0,市道3号線_4,2,1,6.0,1,153,185
828,977,115.693,1569.0,市道3号線_4,2,1,6.0,1,153,173
828,823,57.984,1192.0,市道1424号線,1,1,3.8,0,153,151
829,994,26.735,1569.0,市道3号線_3,2,1,6.0,1,154,183
829,996,148.277,1569.0,市道3号線_3,2,1,6.0,1,154,185
829,47,192.93,1509.0,市道1440号線,2,1,5.7,0,154,6
831,991,122.803,1509.0,市道1434号線,2,1,5.7,0,155,181
831,466,123.349,1509.0,市道1434号線,2,1,5.7,0,155,81
831,458,129.691,1509.0,市道1440号線,2,1,5.7,0,155,79
831,47,239.942,1509.0,市道1440号線,2,1,5.7,0,155,6
836,714,26.324,1750.0,市道6号線_5,2,0,10.0,1,156,116
836,715,223.943,1750.0,市道6号線_5,2,0,10.0,1,156,117
837,713,91.975,1750.0,市道6号線_3,2,1,11.0,1,157,115
837,434,105.003,1750.0,市道6号線_3,2,1,11.0,1,157,74
878,885,105.282,1529.0,市道1437号線,2,1,5.8,0,158,159
878,1430,80.707,1192.0,市道1439号線,1,1,4.0,0,158,266
885,878,105.282,1529.0,市道1437号線,2,1,5.8,0,159,158
885,529,93.132,1529.0,市道1437号線,2,1,5.8,0,159,87
885,837,132.669,1529.0,市道1468号線,1,1,5.8,0,159,157
886,978,64.831,1529.0,市道1441号線,2,1,5.8,0,160,174
886,1348,84.969,1529.0,市道1441号線,1,1,5.8,0,160,253
906,729,60.725,1750.0,市道6号線_8,2,0,10.0,1,161,122
906,909,41.132,1192.0,市道6号線_8,1,1,3.5,1,161,162
565,769,78.597,1750.0,県道15号線_6,2,0,7.0,1,98,143
769,565,78.597,1750.0,県道15号線_6,2,0,7.0,1,143,98
914,1429,26.14,1669.0,県道39号線_1,2,1,8.0,1,163,265
914,1393,98.514,1669.0,県道39号線_2,2,1,8.0,1,163,261
935,150,31.273,290.0,市道1160号線,2,1,4.3,0,164,27
935,256,98.781,290.0,市道1160号線,2,1,4.3,0,164,55
935,936,100.176,50.0,市道1159号線,2,1,3.4,0,164,165
936,818,3.792,1569.0,市道2号線,2,1,6.0,0,165,146
936,257,76.767,1669.0,市道2号線,2,1,7.5,0,165,56
936,935,100.176,50.0,市道1159号線,2,1,3.4,0,165,164
937,938,97.961,1569.0,市道1343号線_6,2,1,6.0,0,166,167
937,210,91.342,1569.0,市道1341号線,2,1,6.0,0,166,42
937,1192,89.62,1569.0,市道1341号線,2,1,6.0,0,166,221
938,937,97.961,1569.0,市道1343号線_6,2,1,6.0,0,167,166
938,944,100.56,1192.0,市道1339号線,1,1,4.0,0,167,169
942,960,36.039,650.0,市道1237号線,2,1,5.5,0,168,170
942,546,298.82,436.6548424,市道1237号線,2,1,4.788849475,0,168,91
942,1,293.052,1703.398991,市道1229号線,2,1,7.354147046,0,168,1
944,1192,95.91,1669.0,県道39号線_3,2,1,8.5,1,169,221
944,1206,204.936,1669.0,県道39号線_4,2,1,8.3,1,169,224
960,410,184.915,650.0,市道1239号線,2,1,5.5,0,170,71
960,942,36.039,650.0,市道1237号線,2,1,5.5,0,170,168
960,595,47.878,200.0,市道1237号線,2,1,4.0,0,170,100
969,723,198.241,1569.0,市道3号線_4,2,1,6.0,1,171,119
969,822,105.319,1529.0,市道1443号線,2,1,5.8,0,171,150
969,977,174.095,1569.0,市道3号線_4,2,1,6.0,1,171,173
969,1325,179.038,1604.152314,市道1443号線,2,1,6.283122019,0,171,249
975,977,74.183,1569.0,市道1441号線,1,1,6.0,0,172,173
975,823,116.572,1569.0,市道1423号線,2,1,6.0,0,172,151
975,822,191.411,1569.0,市道1423号線,2,1,6.0,0,172,150
977,828,115.693,1569.0,市道3号線_4,2,1,6.0,1,173,153
977,969,174.095,1569.0,市道3号線_4,2,1,6.0,1,173,171
978,715,7.734,1750.0,市道6号線_5,2,0,10.0,1,174,117
978,886,64.831,1529.0,市道1441号線,2,1,5.8,0,174,160
978,719,262.134,1750.0,市道6号線_6,2,0,10.0,1,174,118
979,754,93.521,1750.0,市道4号線,2,0,7.8,0,175,132
979,473,52.636,1750.0,市道4号線,2,0,7.8,0,175,83
979,547,131.295,388.1297841,市道1399号線,2,1,4.527659088,0,175,92
980,125,85.436,1669.0,市道2号線,2,1,6.5,0,176,24
980,523,87.968,1669.0,市道2号線,2,1,7.0,0,176,86
980,1335,264.41,1608.371053,市道1229号線,2,1,6.196855263,0,176,251
982,550,154.654,1750.0,市道9号線_1,2,0,10.1,1,177,94
982,2,163.315,1750.0,市道9号線_1,2,0,10.1,1,177,2
564,1206,91.731,1750.0,県道15号線_7,2,0,7.0,1,97,224
564,565,81.391,1750.0,県道15号線_7,2,0,7.0,1,97,98
983,753,63.636,1669.0,市道1237号線,1,1,6.8,0,178,131
986,411,93.012,590.0,市道1251号線,2,1,5.3,0,179,72
986,1,118.614,1501.222537,市道1251号線,2,1,5.903825855,0,179,1
986,644,89.903,347.5490251,市道1250号線,2,1,4.491830084,0,179,106
990,541,117.888,410.0,市道1393号線,2,1,4.7,0,180,90
990,748,65.628,200.0,市道1394号線,2,1,4.0,0,180,129
990,994,185.227,581.5129544,市道1394号線,2,1,5.271709848,0,180,183
991,992,92.641,1509.0,市道1434号線,2,1,5.7,0,181,182
991,831,122.803,1509.0,市道1434号線,2,1,5.7,0,181,155
991,529,129.881,1645.0,市道5号線_1,2,0,6.0,1,181,87
991,1009,239.883,1645.0,市道5号線_1,2,0,6.0,1,181,194
992,991,92.641,1509.0,市道1434号線,2,1,5.7,0,182,181
992,885,129.529,1529.0,市道1468号線,1,1,5.8,0,182,159
994,829,26.735,1569.0,市道3号線_3,2,1,6.0,1,183,154
994,747,131.741,1569.0,市道3号線_3,2,1,6.0,1,183,128
994,990,185.227,581.5129544,市道1394号線,2,1,5.271709848,0,183,180
995,1216,54.855,1629.0,市道1220号線,2,1,6.3,0,184,228
995,1000,115.272,1629.0,市道1220号線,2,1,6.3,0,184,189
996,829,148.277,1569.0,市道3号線_3,2,1,6.0,1,185,154
996,828,42.841,1569.0,市道3号線_4,2,1,6.0,1,185,153
996,827,59.018,1192.0,市道4号線,1,1,5.3,0,185,152
996,1376,274.75,1321.759975,市道4号線,1,1,5.28644586,0,185,257
997,523,64.452,1669.0,市道2号線,2,1,7.0,0,186,86
997,998,200.771,1669.0,市道1217号線,2,1,6.995487396,0,186,187
997,760,159.526,650.0,市道2号線,2,1,5.5,0,186,136
998,1002,61.887,1669.0,市道1217号線,2,1,6.7,0,187,191
998,999,61.329,350.0,市道1219号線,2,1,4.5,0,187,188
998,997,200.771,1669.0,市道1217号線,2,1,6.995487396,0,187,186
999,1000,100.679,350.0,市道1219号線,2,1,4.5,0,188,189
999,998,61.329,350.0,市道1219号線,2,1,4.5,0,188,187
1000,995,115.272,1629.0,市道1220号線,2,1,6.3,0,189,184
1000,999,100.679,350.0,市道1219号線,2,1,4.5,0,189,188
1000,125,129.921,1629.0,市道1220号線,2,1,6.3,0,189,24
1001,1225,52.917,1669.0,県道51号線_6,2,1,10.0,1,190,230
1001,999,180.564,1192.0,市道1218号線,1,1,3.5,0,190,188
1001,1216,102.828,1669.0,県道51号線_5,2,1,10.0,1,190,228
1002,1225,101.308,1669.0,市道1217号線,2,1,6.7,0,191,230
1002,998,61.887,1669.0,市道1217号線,2,1,6.7,0,191,187
1002,1003,159.593,650.0,市道1213号線,2,1,5.5,0,191,192
1003,402,23.156,1750.0,初雁城通り_4,2,0,9.0,1,192,69
1003,1002,159.593,650.0,市道1213号線,2,1,5.5,0,192,191
1003,760,269.102,1750.0,初雁城通り_3,2,0,9.0,1,192,136
1008,748,111.496,1708.0,市道5号線_2,2,0,6.3,1,193,129
1008,541,69.651,241.7108154,市道1392号線,2,1,4.081638455,0,193,90
1008,1276,123.597,1708.0,市道5号線_2,2,0,6.3,1,193,242
1009,47,128.738,1488.0,市道1430号線,2,1,5.6,0,194,6
1009,747,201.111,1645.0,市道5号線_1,2,0,6.0,1,194,128
1009,991,239.883,1645.0,市道5号線_1,2,0,6.0,1,194,181
1064,97,136.897,1669.0,県道246号線_1,2,1,7.5,1,195,14
1064,784,83.647,1669.0,市道1283号線,2,1,7.6,1,195,144
1064,1437,93.426,1669.0,県道246号線_2,2,1,7.5,1,195,269
1076,257,39.586,1750.0,県道51号線_10,2,0,6.7,1,196,56
1076,256,54.286,1750.0,県道51号線_10,2,0,6.7,1,196,55
565,564,81.391,1750.0,県道15号線_7,2,0,7.0,1,98,97
1206,564,91.731,1750.0,県道15号線_7,2,0,7.0,1,224,97
1151,201,105.511,80.0,市道1197号線,2,1,3.6,0,197,37
1153,682,107.642,1669.0,市道14号線_1,2,1,8.3,1,198,113
1153,201,64.295,1192.0,市道1194号線,1,1,5.0,0,198,37
1153,103,137.755,1192.0,市道1199号線,1,1,4.5,0,198,17
1153,673,102.64,1669.0,市道14号線_1,2,1,8.3,1,198,111
1154,110,166.02,200.0,市道1120号線,2,1,4.0,1,199,19
1154,1449,181.913,573.9394381,市道1139号線,2,1,4.582822558,1,199,273
1154,1334,293.058,321.4458571,市道1147号線,2,1,4.039646759,0,199,250
1155,739,71.777,1192.0,市道1179号線,1,1,4.7,0,200,125
1155,765,106.227,230.0,市道1184号線,2,1,4.1,0,200,141
1156,1155,105.832,1192.0,市道1179号線,1,1,4.7,0,201,200
1156,1170,181.784,110.0,市道1178号線,2,1,3.7,0,201,210
1157,733,79.73,1669.0,市道14号線_2,2,1,8.3,1,202,123
1157,1156,66.784,1192.0,市道1179号線,1,1,4.5,0,202,201
1157,197,90.461,1669.0,市道14号線_2,2,1,8.3,1,202,35
1158,1159,27.08,1750.0,市道1174号線_2,2,0,6.5,1,203,204
1158,271,107.063,1569.0,市道15号線_2,2,1,6.0,1,203,60
1158,277,410.532,1569.0,市道15号線_1,2,1,6.0,1,203,61
1159,1158,27.08,1750.0,市道1174号線_2,2,0,6.5,1,204,203
1159,736,171.385,620.0,市道1174号線_2,2,1,5.4,1,204,124
1161,271,28.168,1750.0,県道39号線_5,2,0,10.9,1,205,60
1161,1159,128.258,1192.0,市道1168号線,1,1,4.7,0,205,204
1161,763,117.732,1669.0,県道39号線_6,2,1,10.9,1,205,139
1162,764,62.329,140.0,市道1180号線,2,1,3.8,0,206,140
1162,1163,33.55,50.0,市道1183号線,2,1,3.4,0,206,207
1162,767,63.692,140.0,市道1180号線,2,1,3.8,0,206,142
1163,1162,33.55,50.0,市道1183号線,2,1,3.4,0,207,206
1163,1167,72.789,110.0,市道1182号線,2,1,3.7,0,207,209
1163,1166,100.815,128.5865199,市道1183号線,2,1,3.714346079,0,207,208
1166,765,47.537,1750.0,県道39号線_10,2,1,6.9,1,208,141
1166,549,30.582,1750.0,県道39号線_11,2,1,6.9,1,208,93
1166,1163,100.815,128.5865199,市道1183号線,2,1,3.714346079,0,208,207
1167,767,53.911,1569.0,市道1179号線,1,1,6.0,0,209,142
1167,1163,72.789,110.0,市道1182号線,2,1,3.7,0,209,207
1170,198,69.132,1569.0,市道1174号線_1,2,1,6.0,1,210,36
1170,1156,181.784,110.0,市道1178号線,2,1,3.7,0,210,201
1170,736,136.989,1669.0,市道1174号線_1,2,1,8.646002234,1,210,124
1171,1375,96.733,1669.0,市道1140号線,2,1,8.6,0,211,256
1171,1346,41.713,350.0,市道1132号線,2,1,4.5,0,211,252
1171,115,27.123,650.0,市道1132号線,2,1,5.5,0,211,20
1171,1172,153.929,520.7023628,市道1140号線,2,1,5.063754068,0,211,212
1172,154,3.793,1750.0,県道51号線_10,2,0,6.7,1,212,29
1172,117,24.005,1750.0,県道51号線_10,2,0,6.7,1,212,22
1172,1171,153.929,520.7023628,市道1140号線,2,1,5.063754068,0,212,211
1174,1225,84.7,1669.0,市道1206号線,2,1,6.7,0,213,230
1174,1179,74.271,350.0,市道1204号線,2,1,4.5,0,213,215
1174,549,107.39,1642.788621,市道1206号線,2,1,6.437886209,0,213,93
1174,211,350.0,650.0,市道1207号線,2,1,6.534721282,0,213,43
1176,761,86.551,1669.0,本町通り,2,1,10.9,1,214,137
1176,1179,87.191,350.0,市道1204号線,2,1,4.5,0,214,215
1176,106,77.929,1669.0,本町通り,2,1,10.9,1,214,18
1179,1180,87.046,50.0,市道1205号線,2,1,3.5,0,215,216
1179,1174,74.271,350.0,市道1204号線,2,1,4.5,0,215,213
1179,1176,87.191,350.0,市道1204号線,2,1,4.5,0,215,214
1180,1225,65.297,1669.0,県道51号線_6,2,1,10.5,1,216,230
1180,761,91.594,1669.0,県道51号線_6,2,1,10.5,1,216,137
1180,1179,87.046,50.0,市道1205号線,2,1,3.5,0,216,215
1184,37,2.54,1669.0,市道1221号線,2,1,6.7,0,217,5
1184,214,246.382,1669.0,市道1221号線,2,1,6.7,0,217,44
1185,359,1.754,50.0,市道1208号線,2,1,3.5,0,218,65
1185,1444,61.319,50.0,市道1208号線,2,1,3.5,0,218,270
1185,211,73.592,1669.0,市道1210号線,2,1,8.0,0,218,43
1186,207,57.663,1669.0,県道51号線_2,2,1,9.3,1,219,41
1186,1211,20.437,1669.0,県道51号線_3,2,1,9.3,1,219,225
1186,359,163.294,50.0,市道1208号線,2,1,2.5,0,219,65
1187,206,45.571,1669.0,市道1209号線,2,1,7.3,0,220,40
1187,207,107.501,1669.0,市道1209号線,2,1,7.3,0,220,41
1192,944,95.91,1669.0,県道39号線_3,2,1,8.5,1,221,169
1192,937,89.62,1569.0,市道1341号線,2,1,6.0,0,221,166
1192,746,103.267,1669.0,県道39号線_3,2,1,8.5,1,221,127
1199,1205,112.904,1669.0,県道39号線_2,2,1,8.0,1,222,223
1199,746,170.987,1669.0,県道39号線_2,2,1,8.0,1,222,127
1205,1199,112.904,1669.0,県道39号線_2,2,1,8.0,1,223,222
1205,1272,128.564,1750.0,市道1361号線,2,0,8.130575433,0,223,240
1205,1393,90.594,1669.0,県道39号線_2,2,1,8.0,1,223,261
563,1206,106.42,1750.0,県道15号線_8,2,0,7.0,1,96,224
1206,563,106.42,1750.0,県道15号線_8,2,0,7.0,1,224,96
1206,207,101.003,1669.0,県道51号線_1,2,1,9.3,1,224,41
1206,944,204.936,1669.0,県道39号線_3,2,1,8.3,1,224,169
1211,1186,20.437,1669.0,県道51号線_3,2,1,9.3,1,225,219
1211,1214,43.398,1669.0,県道51号線_3,2,1,9.3,1,225,226
1211,37,41.58,1669.0,市道1221号線,2,1,6.7,0,225,5
1214,1211,43.398,1669.0,県道51号線_3,2,1,9.3,1,226,225
1214,1216,96.094,1669.0,県道51号線_4,2,1,10.0,1,226,228
1214,211,169.416,1669.0,市道14号線_3,2,1,8.2,1,226,43
1215,95,126.476,1669.0,県道39号線_1,2,1,8.0,1,227,12
1215,1429,88.632,1669.0,県道39号線_1,2,1,8.0,1,227,265
1216,1214,96.094,1669.0,県道51号線_4,2,1,10.0,1,228,226
1216,995,54.855,1629.0,市道1220号線,2,1,6.3,0,228,184
1216,1001,102.828,1669.0,県道51号線_5,2,1,10.0,1,228,190
1224,117,47.522,1750.0,県道51号線_11,2,0,6.7,1,229,22
1224,1226,12.954,50.0,市道1138号線,2,1,3.0,0,229,231
1224,220,107.194,1750.0,県道51号線_13,2,0,6.7,1,229,45
1225,1001,52.917,1669.0,県道51号線_6,2,1,10.0,1,230,190
1225,1180,65.297,1669.0,県道51号線_6,2,1,10.5,1,230,216
1225,1174,84.7,1669.0,市道1206号線,2,1,6.7,0,230,213
1225,1002,101.308,1669.0,市道1217号線,2,1,6.7,0,230,191
1226,116,57.999,50.0,市道1138号線,2,1,3.0,0,231,21
1226,1224,12.954,50.0,市道1138号線,2,1,3.0,0,231,229
1227,115,6.701,200.0,市道1132号線,2,1,4.0,0,232,20
1227,611,111.183,200.0,市道1132号線,2,1,4.0,0,232,103
1227,647,219.964,590.0,市道1137号線,2,1,5.3,0,232,108
1231,820,65.032,1669.0,県道51号線_8,2,1,7.2,1,233,148
1231,1265,159.653,1669.0,市道1152号線,2,1,6.7,0,233,239
1231,1402,217.817,1669.0,県道51号線_9,2,1,6.7,1,233,262
1232,237,52.457,1669.0,県道12号線_2,2,1,10.5,1,234,54
1232,1234,39.73,1669.0,県道12号線_3,2,1,10.5,1,234,235
1232,1273,28.653,1669.0,市道1144号線,2,1,7.8,0,234,241
1232,1253,289.064,1669.0,市道1105号線,2,1,6.5,0,234,236
1234,1232,39.73,1669.0,県道12号線_3,2,1,10.5,1,235,234
1234,1273,28.307,1669.0,市道1145号線,1,1,7.5,0,235,241
1234,110,105.897,1686.314145,県道12号線_5,2,1,8.5,1,235,19
1253,271,222.768,1569.0,市道1108号線_1,2,1,6.0,1,236,60
1253,110,298.609,1569.0,市道1108号線_2,2,1,6.0,1,236,19
1253,1232,289.064,1669.0,市道1105号線,2,1,6.5,0,236,234
1254,436,104.498,1750.0,市道6号線_1,2,0,9.0,1,237,75
1254,1262,62.244,1569.0,市道1343号線_1,1,1,6.0,0,237,238
1254,95,180.99,1750.0,市道6号線_2,2,0,9.954072601,1,237,12
1262,1272,381.257,1569.0,市道1343号線_3,1,1,6.0,0,238,240
1265,237,54.268,1669.0,市道1152号線,2,1,6.7,0,239,54
1265,1273,82.283,1192.0,市道1145号線,1,1,4.5,0,239,241
1265,1231,159.653,1669.0,市道1152号線,2,1,6.7,0,239,233
1272,1277,212.5,1569.0,市道1343号線_5,1,1,6.0,0,240,243
1272,1205,128.564,1750.0,市道1361号線,2,0,8.130575433,0,240,223
1273,1232,28.653,1669.0,市道1144号線,2,1,7.8,0,241,234
1276,563,44.419,1708.0,市道5号線_2,2,0,6.3,1,242,96
1276,535,134.431,440.0,市道1388号線,2,1,4.8,0,242,88
1276,1008,123.597,1708.0,市道5号線_2,2,0,6.3,1,242,193
1277,1278,78.699,1569.0,市道1343号線_5,1,1,6.0,0,243,244
1278,232,102.115,1750.0,市道3号線_1,2,0,9.0,1,244,53
1278,937,116.427,1569.0,市道1343号線_6,1,1,6.0,0,244,166
1278,746,85.654,1750.0,市道3号線_2,2,0,10.0,1,244,127
1280,98,125.112,1750.0,県道229号線_1,2,0,10.1,1,245,15
1280,1448,144.291,1750.0,県道229号線_2,2,0,10.1,1,245,272
1280,210,60.662,1192.0,市道1340号線,1,1,3.7,0,245,42
1280,1281,53.834,500.0,市道1313号線_2,2,1,5.0,0,245,246
1281,1280,53.834,500.0,市道1313号線_2,2,1,5.0,0,246,245
1281,444,167.052,1723.089703,市道1314号線,2,0,7.467441874,0,246,78
563,634,246.83,1750.0,県道15号線_9,2,0,7.0,1,96,105
634,563,246.83,1750.0,県道15号線_9,2,0,7.0,1,105,96
1318,733,95.196,1669.0,市道1200号線,1,1,7.2,0,248,123
1318,1444,172.467,50.0,市道1202号線,2,1,3.5,0,248,270
1325,688,144.506,1529.0,市道1447号線,2,1,5.8,0,249,114
1325,719,146.003,1529.0,市道1444号線,2,1,5.8,0,249,118
1325,969,179.038,1604.152314,市道1443号線,2,1,6.283122019,0,249,171
1334,1375,95.123,1569.0,市道1140号線,2,1,6.0,0,250,256
1334,1377,189.234,922.0664257,市道1140号線,2,1,5.648023083,0,250,258
1334,1154,293.058,321.4458571,市道1146号線,2,1,4.039646759,0,250,199
1335,757,79.585,50.0,市道1227号線,2,1,3.5,0,251,134
1335,980,264.41,1608.371053,市道1229号線,2,1,6.196855263,0,251,176
1335,595,159.083,782.7594463,市道1547号線,2,1,4.991762162,0,251,100
1346,1402,53.019,350.0,市道1132号線,2,1,4.5,0,252,262
1346,1171,41.713,350.0,市道1132号線,2,1,4.5,0,252,211
1346,1375,103.573,50.0,市道1151号線,2,1,3.5,0,252,256
1348,688,73.911,1529.0,市道1441号線,1,1,5.8,0,253,114
1348,1376,166.323,1548.0,市道1448号線,2,1,5.9,0,253,257
1353,102,51.163,1669.0,市道1311号線,2,1,7.2,0,254,16
1353,1434,122.028,746.2901055,市道1311号線,2,0,5.660641,0,254,267
1355,2,96.731,1375.0,市道8号線_2,2,0,8.0,1,255,2
1355,313,172.263,80.0,市道1324号線,2,1,3.6,0,255,63
1355,8,129.005,1750.0,市道8号線_3,2,0,15.0,1,255,3
1375,1334,95.123,1569.0,市道1140号線,2,1,6.0,0,256,250
1375,1171,96.733,1669.0,市道1140号線,2,1,8.6,0,256,211
1375,1346,103.573,50.0,市道1151号線,2,1,3.5,0,256,252
1376,1348,166.323,1548.0,市道1448号線,2,1,5.9,0,257,253
1376,466,151.722,1750.0,市道4号線,1,0,6.5,0,257,81
1377,1334,189.234,922.0664257,市道1140号線,2,1,5.648023083,0,258,250
1384,765,87.716,1750.0,県道39号線_9,2,1,6.9,1,259,141
1384,197,91.878,1750.0,県道39号線_9,2,1,6.9,1,259,35
1389,1393,51.71,1666.0,市道1432号線,2,0,6.1,0,260,261
1393,1389,51.71,1666.0,市道1432号線,2,0,6.1,0,261,260
1393,1205,90.594,1669.0,県道39号線_2,2,1,8.0,1,261,223
1393,914,98.514,1669.0,県道39号線_1,2,1,8.0,1,261,163
1402,257,24.105,1669.0,県道51号線_9,2,1,6.7,1,262,56
1402,1346,53.019,350.0,市道1132号線,2,1,4.5,0,262,252
1402,1231,217.817,1669.0,県道51号線_9,2,1,6.7,1,262,233
1403,516,58.53,1750.0,市道1157号線,2,0,10.0,0,263,85
1403,819,66.643,1750.0,市道1157号線,2,0,10.0,0,263,147
1403,1404,42.81,1669.0,市道1156号線,2,1,9.0,0,263,264
1404,1403,42.81,1669.0,市道1156号線,2,1,9.0,0,264,263
1404,820,64.158,1669.0,県道51号線_7,2,1,6.8,1,264,148
1404,821,84.662,1669.0,県道51号線_7,2,0,6.5,1,264,149
1429,1215,88.632,1669.0,県道39号線_1,2,1,8.0,1,265,227
1429,914,26.14,1669.0,県道39号線_1,2,1,8.0,1,265,163
1429,1430,50.717,50.0,市道1435号線,2,1,3.5,0,265,266
1430,1429,50.717,50.0,市道1435号線,2,1,3.5,0,266,265
1430,1389,126.019,1192.0,市道1439号線,1,1,4.0,0,266,260
1434,96,75.922,1669.0,市道1311号線,2,1,7.3,0,267,13
1434,270,83.161,1629.0,市道1313号線_2,1,1,6.3,0,267,59
1434,1353,122.028,746.2901055,市道1311号線,2,0,5.660641,0,267,254
1435,1434,108.788,1629.0,市道1313号線_1,1,1,6.3,0,268,267
1437,673,150.281,1669.0,県道246号線_2,2,1,7.5,1,269,111
1437,1064,93.426,1669.0,県道246号線_2,2,1,7.5,1,269,195
1437,1435,145.005,1356.993455,市道1313号線_1,1,1,5.17960691,0,269,268
1444,205,93.835,1750.0,県道39号線_8,2,0,7.6,1,270,39
1444,197,86.157,1750.0,県道39号線_8,2,0,7.6,1,270,35
1444,1185,61.319,50.0,市道1208号線,2,1,3.5,0,270,218
1444,1318,172.467,50.0,市道1202号線,2,1,3.5,0,270,248
1447,210,122.871,1529.0,市道1342号線,1,1,5.8,0,271,42
1447,1448,67.739,200.0,市道1339号線,2,1,4.0,0,271,272
1447,938,87.59,1192.0,市道1339号線,1,1,4.0,0,271,167
1448,1280,144.291,1750.0,県道229号線_2,2,0,10.1,1,272,245
1448,444,65.114,1629.0,市道1315号線,1,1,6.3,0,272,78
1448,1447,67.739,200.0,市道1339号線,2,1,4.0,0,272,271
1448,769,59.386,1750.0,県道229号線_2,2,0,10.1,1,272,143
1449,379,140.64,1645.0,市道1139号線,2,0,6.0,0,273,66
1449,1154,181.913,573.9394381,市道1120号線,2,1,4.582822558,1,273,199
1449,383,278.41,376.1671635,市道1135号線,2,1,4.587223878,1,273,68
